Genre,avg score
Action,1.634538153
Thriller,1.854166667
Comedy,2.131964809
SciFi,1.841059603
Romance,2.433962264
Animation,1.68115942
Drama,2.150655022
Crime,1.763513514